{"cameraMode":{"drawMode":0,"name":"Shaded","section":"Shading Mode"},"sceneLighting":true,"audioPlay":false,"sceneViewState":{"m_AlwaysRefresh":false,"showFog":true,"showSkybox":true,"showFlares":true,"showImageEffects":true,"showParticleSystems":true,"showVisualEffectGraphs":true,"m_FxEnabled":true},"in2DMode":false,"pivot":{"x":953.8687133789063,"y":573.822265625,"z":6.4882965087890629},"rotation":{"x":-0.0005472767516039312,"y":0.9986572861671448,"z":0.050665538758039477,"w":0.010787036269903183},"size":647.8113403320313,"orthographic":false}