{"cameraMode":{"drawMode":0,"name":"Shaded","section":"Shading Mode"},"sceneLighting":true,"audioPlay":false,"sceneViewState":{"m_AlwaysRefresh":false,"showFog":true,"showSkybox":true,"showFlares":true,"showImageEffects":true,"showParticleSystems":true,"showVisualEffectGraphs":true,"m_FxEnabled":true},"in2DMode":false,"pivot":{"x":-3.4604296684265138,"y":-0.5704662799835205,"z":-0.6562414169311523},"rotation":{"x":0.003458342282101512,"y":0.9895276427268982,"z":-0.14228282868862153,"w":0.024051476269960405},"size":18.865610122680665,"orthographic":false}